1	29.09.2011 19:54
2	29.09.2011 21:00
3	30.09.2011 07:48
4	30.09.2011 10:21
5	30.09.2011 11:12
6	30.09.2011 23:09
7	01.10.2011 10:27
8	02.10.2011 15:25
9	04.10.2011 01:58
10	09.10.2011 00:22
11	09.10.2011 05:50
12	09.10.2011 16:14
13	09.10.2011 18:29
14	09.10.2011 23:18
15	10.10.2011 02:31
16	10.10.2011 02:59
17	10.10.2011 12:00
18	11.10.2011 05:19
19	12.10.2011 02:23
20	13.10.2011 05:42
21	14.10.2011 00:13
22	17.10.2011 17:11
23	17.10.2011 18:00
24	17.10.2011 18:47
25	17.10.2011 19:53
26	18.10.2011 01:12
27	18.10.2011 04:39
28	18.10.2011 19:45
29	19.10.2011 05:16
30	19.10.2011 13:15
31	19.10.2011 17:14
32	20.10.2011 07:25
33	20.10.2011 15:33
34	24.10.2011 16:16
35	24.10.2011 23:13
36	27.10.2011 17:44
37	27.10.2011 20:13
38	02.11.2011 13:46
39	21.11.2011 02:26
40	25.11.2011 21:02
41	28.11.2011 16:25
42	30.11.2011 17:27
43	01.12.2011 07:34
44	01.12.2011 20:56
45	01.12.2011 21:17
46	02.12.2011 12:19
47	02.12.2011 12:24
48	02.12.2011 13:01
49	02.12.2011 13:14
50	02.12.2011 19:40
51	02.12.2011 22:55
52	03.12.2011 00:19
53	03.12.2011 00:46
54	03.12.2011 06:51
55	03.12.2011 10:32
56	03.12.2011 15:57
57	03.12.2011 19:18
58	03.12.2011 20:32
59	03.12.2011 21:38
60	04.12.2011 14:55
61	04.12.2011 22:53
62	05.12.2011 05:30
63	05.12.2011 06:16
64	05.12.2011 16:43
65	05.12.2011 21:50
66	05.12.2011 23:39
67	06.12.2011 02:50
68	06.12.2011 04:30
69	06.12.2011 23:44
70	08.12.2011 05:41
71	08.12.2011 17:00
72	08.12.2011 17:09
73	09.12.2011 11:27
74	10.12.2011 01:40
75	13.12.2011 11:06
76	16.12.2011 03:09
77	19.12.2011 05:51
78	21.12.2011 17:54
79	29.12.2011 17:56
80	04.01.2012 17:26
81	16.01.2012 17:22
82	17.01.2012 10:30
83	17.01.2012 10:31
84	17.01.2012 18:27
85	23.01.2012 06:15
86	25.01.2012 21:35
87	27.01.2012 06:30
88	28.01.2012 03:57
89	28.01.2012 05:38
90	29.01.2012 00:52
91	01.02.2012 16:41
92	02.02.2012 19:15
93	07.02.2012 20:53
94	10.02.2012 14:06
95	13.02.2012 12:24
96	13.02.2012 20:12
97	13.02.2012 20:22
98	16.02.2012 20:23
99	19.02.2012 05:04
100	19.02.2012 19:03
101	20.02.2012 19:58
102	21.02.2012 00:23
103	21.02.2012 05:24
104	21.02.2012 05:32
105	21.02.2012 05:32
106	22.02.2012 19:09
107	22.02.2012 20:15
108	23.02.2012 02:54
109	25.02.2012 08:05
110	26.02.2012 16:57
111	26.02.2012 17:02
112	26.02.2012 17:04
113	05.03.2012 13:27
114	06.03.2012 22:50
115	06.03.2012 23:44
116	13.03.2012 21:45
117	17.03.2012 02:01
118	19.03.2012 01:57
119	22.03.2012 14:58
120	23.03.2012 13:53
121	24.03.2012 11:54
122	26.03.2012 00:28
123	26.03.2012 00:52
124	27.03.2012 02:27
125	31.03.2012 09:45
126	31.03.2012 09:47
127	01.04.2012 01:43
128	01.04.2012 18:00
129	03.04.2012 17:47
130	08.04.2012 18:34
131	08.04.2012 21:57
132	15.04.2012 12:06
133	16.04.2012 15:30
134	19.04.2012 16:55
135	21.04.2012 04:11
136	25.04.2012 18:13
137	26.04.2012 23:38
138	27.04.2012 11:58
139	02.05.2012 17:39
140	03.05.2012 02:48
141	03.05.2012 03:57
142	03.05.2012 13:38
143	04.05.2012 14:32
144	04.05.2012 15:57
145	06.05.2012 01:21
146	06.05.2012 20:05
147	07.05.2012 21:23
148	08.05.2012 09:33
149	08.05.2012 20:46
150	10.05.2012 10:11
151	12.05.2012 23:22
152	15.05.2012 01:18
153	15.05.2012 23:10
154	16.05.2012 13:19
155	17.05.2012 03:53
156	17.05.2012 16:31
157	20.05.2012 22:01
158	21.05.2012 10:53
159	22.05.2012 19:38
160	23.05.2012 23:11
161	24.05.2012 19:33
162	25.05.2012 12:43
163	01.06.2012 16:04
164	01.06.2012 16:20
165	01.06.2012 19:44
166	03.06.2012 17:55
167	04.06.2012 14:35
168	04.06.2012 20:37
169	06.06.2012 01:43
170	06.06.2012 01:59
171	06.06.2012 20:10
172	08.06.2012 05:20
173	09.06.2012 04:26
174	09.06.2012 17:08
175	12.06.2012 12:12
176	13.06.2012 02:49
177	14.06.2012 14:41
178	18.06.2012 12:04
179	20.06.2012 03:49
180	21.06.2012 01:07
181	24.06.2012 09:17
182	25.06.2012 17:33
183	26.06.2012 17:44
184	29.06.2012 23:27
185	03.07.2012 19:47
186	04.07.2012 22:03
187	05.07.2012 01:31
188	08.07.2012 00:42
189	08.07.2012 10:24
190	10.07.2012 22:56
191	13.07.2012 19:58
192	14.07.2012 19:33
193	15.07.2012 07:38
194	17.07.2012 16:39
195	18.07.2012 14:54
196	19.07.2012 21:06
197	21.07.2012 14:55
198	23.07.2012 01:52
199	25.07.2012 00:16
200	01.08.2012 14:25
201	10.08.2012 03:55
202	12.08.2012 16:20
203	13.08.2012 07:22
204	13.08.2012 07:45
205	13.08.2012 13:45
206	14.08.2012 16:13
207	21.08.2012 07:06
208	27.08.2012 01:00
209	28.08.2012 15:24
210	30.08.2012 13:32
211	01.09.2012 07:31
212	01.09.2012 21:47
213	03.09.2012 18:10
214	03.09.2012 19:38
215	05.09.2012 22:43
216	06.09.2012 22:17
217	07.09.2012 03:07
218	07.09.2012 03:09
219	07.09.2012 03:11
220	13.09.2012 03:33
221	14.09.2012 19:18
222	17.09.2012 22:18
223	18.09.2012 17:23
224	22.09.2012 14:36
225	23.09.2012 19:42
226	26.09.2012 13:07
227	26.09.2012 18:20
228	01.10.2012 02:33
229	02.10.2012 02:55
230	03.10.2012 05:45
231	03.10.2012 09:47
232	10.10.2012 19:17
233	11.10.2012 08:33
234	13.10.2012 18:12
235	14.10.2012 09:34
236	16.10.2012 16:54
237	16.10.2012 20:20
238	16.10.2012 21:22
239	16.10.2012 22:55
240	17.10.2012 02:09
241	17.10.2012 14:39
242	17.10.2012 20:34
243	17.10.2012 21:21
244	19.10.2012 16:53
245	19.10.2012 17:12
246	20.10.2012 13:45
247	21.10.2012 11:56
248	23.10.2012 13:02
249	23.10.2012 17:02
250	24.10.2012 03:48
251	25.10.2012 23:18
252	26.10.2012 19:26
253	27.10.2012 18:30
254	28.10.2012 10:32
255	28.10.2012 22:31
256	29.10.2012 19:33
257	30.10.2012 18:55
258	30.10.2012 22:23
259	02.11.2012 09:43
260	02.11.2012 10:44
261	02.11.2012 18:22
262	03.11.2012 01:41
263	03.11.2012 22:33
264	04.11.2012 02:07
265	04.11.2012 20:58
266	05.11.2012 03:26
267	06.11.2012 08:55
268	08.11.2012 13:30
269	08.11.2012 20:37
270	10.11.2012 08:57
271	10.11.2012 19:40
272	11.11.2012 03:14
273	12.11.2012 14:44
274	13.11.2012 12:48
275	14.11.2012 23:19
276	15.11.2012 00:36
277	16.11.2012 05:16
278	17.11.2012 16:32
279	18.11.2012 09:35
280	18.11.2012 23:43
281	20.11.2012 13:27
282	23.11.2012 23:55
283	24.11.2012 21:23
284	26.11.2012 05:01
285	27.11.2012 04:49
286	27.11.2012 22:13
287	03.12.2012 05:28
288	09.12.2012 11:49
289	11.12.2012 18:14
290	12.12.2012 01:43
291	13.12.2012 23:36
292	21.12.2012 01:36
293	21.12.2012 13:53
294	21.12.2012 22:40
295	25.12.2012 15:56
296	25.12.2012 16:43
297	27.12.2012 03:23
298	27.12.2012 12:59
299	29.12.2012 07:27
300	30.12.2012 00:15
301	30.12.2012 22:01
302	30.12.2012 22:30
303	02.01.2013 10:26
304	02.01.2013 22:46
305	03.01.2013 00:00
306	04.01.2013 11:21
307	04.01.2013 14:21
308	04.01.2013 21:46
309	05.01.2013 00:23
310	05.01.2013 22:53
311	05.01.2013 23:40
312	06.01.2013 09:27
313	06.01.2013 15:36
314	06.01.2013 15:57
315	06.01.2013 19:32
316	06.01.2013 23:01
317	08.01.2013 13:10
318	11.01.2013 08:01
319	12.01.2013 19:16
320	13.01.2013 09:43
321	13.01.2013 13:06
322	13.01.2013 21:43
323	14.01.2013 09:26
324	14.01.2013 10:36
325	14.01.2013 11:45
326	15.01.2013 17:08
327	16.01.2013 13:08
328	16.01.2013 14:33
329	16.01.2013 17:55
330	17.01.2013 11:44
331	19.01.2013 05:17
332	20.01.2013 13:01
333	20.01.2013 13:04
334	22.01.2013 03:34
335	23.01.2013 08:31
336	23.01.2013 20:30
337	24.01.2013 04:45
338	30.01.2013 12:31
339	31.01.2013 13:07
340	04.02.2013 18:31
341	06.02.2013 01:07
342	06.02.2013 18:24
343	10.02.2013 16:29
344	12.02.2013 21:33
345	14.02.2013 05:11
346	15.02.2013 01:33
347	15.02.2013 10:15
348	15.02.2013 10:48
349	15.02.2013 10:50
350	15.02.2013 13:44
351	17.02.2013 23:57
352	18.02.2013 16:33
353	18.02.2013 17:53
354	19.02.2013 06:05
355	19.02.2013 23:42
356	20.02.2013 03:44
357	21.02.2013 23:47
358	22.02.2013 02:25
359	22.02.2013 08:52
360	22.02.2013 10:24
361	23.02.2013 00:38
362	24.02.2013 08:56
363	25.02.2013 00:34
364	27.02.2013 06:32
365	28.02.2013 00:13
366	28.02.2013 04:52
367	28.02.2013 07:43
368	05.03.2013 20:06
369	07.03.2013 14:58
370	08.03.2013 00:59
371	08.03.2013 05:21
372	08.03.2013 15:46
373	12.03.2013 03:00
374	12.03.2013 16:06
375	12.03.2013 20:50
376	13.03.2013 13:08
377	13.03.2013 14:43
378	13.03.2013 19:49
379	13.03.2013 23:44
380	15.03.2013 19:27
381	18.03.2013 15:52
382	19.03.2013 07:47
383	19.03.2013 15:16
384	20.03.2013 13:18
385	22.03.2013 17:45
386	23.03.2013 08:35
387	24.03.2013 17:42
388	27.03.2013 21:55
389	28.03.2013 23:49
390	29.03.2013 23:08
391	30.03.2013 23:42
392	01.04.2013 16:39
393	03.04.2013 22:03
394	04.04.2013 21:51
395	08.06.2013 16:04
396	08.06.2013 21:27
397	09.06.2013 18:26
398	09.06.2013 19:17
399	10.06.2013 11:24
400	10.06.2013 12:00
401	11.06.2013 01:59
402	11.06.2013 02:20
403	11.06.2013 04:40
404	12.06.2013 05:57
405	12.06.2013 14:55
406	12.06.2013 17:39
407	12.06.2013 19:14
408	12.06.2013 20:13
409	14.06.2013 20:58
410	15.06.2013 07:19
411	15.06.2013 21:05
412	16.06.2013 21:47
413	19.06.2013 04:12
414	19.06.2013 11:16
415	20.06.2013 11:56
416	20.06.2013 16:30
417	20.06.2013 17:26
418	21.06.2013 08:51
419	21.06.2013 18:27
420	21.06.2013 18:35
421	22.06.2013 05:04
422	23.06.2013 20:31
423	26.06.2013 12:52
424	26.06.2013 19:15
425	28.06.2013 00:45
426	28.06.2013 06:40
427	29.06.2013 04:11
428	29.06.2013 21:42
429	30.06.2013 02:45
430	30.06.2013 07:56
431	30.06.2013 13:52
432	01.07.2013 03:11
433	04.07.2013 08:18
434	04.07.2013 17:02
435	07.07.2013 03:18
436	07.07.2013 11:25
437	09.07.2013 11:02
438	11.07.2013 18:06
439	15.07.2013 08:22
440	17.07.2013 20:37
441	17.07.2013 20:46
442	19.07.2013 19:05
443	20.07.2013 14:22
444	21.07.2013 19:44
445	21.07.2013 19:52
446	21.07.2013 21:26
447	22.07.2013 04:09
448	22.07.2013 18:23
449	22.07.2013 22:57
450	26.07.2013 21:24
451	27.07.2013 22:43
452	28.07.2013 07:55
453	28.07.2013 15:02
454	30.07.2013 15:36
455	30.07.2013 20:59
456	30.07.2013 23:18
457	01.08.2013 23:16
458	03.08.2013 00:49
459	03.08.2013 04:41
460	03.08.2013 08:40
461	04.08.2013 21:54
462	07.08.2013 14:38
463	08.08.2013 20:03
464	09.08.2013 18:08
465	09.08.2013 23:13
466	10.08.2013 02:40
467	10.08.2013 18:35
468	10.08.2013 21:10
469	11.08.2013 01:03
470	11.08.2013 17:15
471	11.08.2013 19:12
472	12.08.2013 20:47
473	13.08.2013 07:26
474	13.08.2013 13:19
475	14.08.2013 21:28
476	14.08.2013 21:29
477	15.08.2013 00:53
478	15.08.2013 02:29
479	15.08.2013 13:40
480	15.08.2013 16:26
481	16.08.2013 06:57
482	16.08.2013 19:55
483	16.08.2013 22:00
484	17.08.2013 01:07
485	17.08.2013 20:25
486	18.08.2013 10:22
487	18.08.2013 16:26
488	19.08.2013 14:05
489	21.08.2013 20:38
490	22.08.2013 18:52
491	23.08.2013 20:42
492	24.08.2013 02:20
493	24.08.2013 03:19
494	26.08.2013 06:59
495	26.08.2013 12:44
496	26.08.2013 14:01
497	26.08.2013 19:57
498	28.08.2013 16:01
499	28.08.2013 19:11
500	29.08.2013 21:11
501	29.08.2013 22:04
502	01.09.2013 16:19
503	01.09.2013 20:36
504	02.09.2013 16:39
505	03.09.2013 04:59
506	07.09.2013 22:12
507	09.09.2013 14:06
508	13.09.2013 01:41
509	14.09.2013 16:47
510	17.09.2013 10:41
511	18.09.2013 14:35
512	18.09.2013 18:22
513	19.09.2013 09:46
514	20.09.2013 18:33
515	21.09.2013 03:06
516	21.09.2013 15:16
517	22.09.2013 16:03
518	25.09.2013 01:39
519	25.09.2013 19:31
520	26.09.2013 17:29
521	27.09.2013 01:23
522	27.09.2013 19:14
523	27.09.2013 22:35
524	28.09.2013 20:28
525	29.09.2013 17:41
526	01.10.2013 04:18
527	01.10.2013 21:34
528	09.10.2013 03:40
529	09.10.2013 05:25
530	09.10.2013 15:40
531	10.10.2013 23:21
532	11.10.2013 02:56
533	14.10.2013 21:52
534	20.10.2013 06:26
535	21.10.2013 23:32
536	23.10.2013 00:07
537	24.10.2013 21:04
538	30.10.2013 11:45
539	31.10.2013 04:04
540	31.10.2013 20:27
541	07.11.2013 11:07
542	08.11.2013 18:02
543	10.11.2013 11:30
544	10.11.2013 20:32
545	11.11.2013 20:56
546	12.11.2013 04:50
547	12.11.2013 21:13
548	13.11.2013 02:50
549	13.11.2013 02:59
550	14.11.2013 06:33
551	14.11.2013 14:34
552	15.11.2013 05:45
553	15.11.2013 07:15
554	15.11.2013 07:40
555	15.11.2013 12:39
556	15.11.2013 22:00
557	16.11.2013 19:02
558	17.11.2013 02:05
559	17.11.2013 12:34
560	17.11.2013 13:11
561	17.11.2013 22:25
562	18.11.2013 15:24
563	19.11.2013 11:15
564	21.11.2013 00:20
565	22.11.2013 03:56
566	22.11.2013 04:16
567	26.11.2013 19:31
568	27.11.2013 03:00
569	27.11.2013 03:49
570	27.11.2013 16:16
571	27.11.2013 19:47
572	27.11.2013 19:53
573	28.11.2013 09:41
574	28.11.2013 09:44
575	28.11.2013 17:58
576	30.11.2013 21:22
577	30.11.2013 22:39
578	01.12.2013 21:15
579	02.12.2013 04:27
580	02.12.2013 12:55
581	02.12.2013 18:04
582	03.12.2013 20:30
583	04.12.2013 11:58
584	05.12.2013 14:27
585	05.12.2013 14:33
586	06.12.2013 12:37
587	07.12.2013 11:00
588	07.12.2013 16:13
589	07.12.2013 16:50
590	07.12.2013 19:14
591	07.12.2013 19:21
592	08.12.2013 11:35
593	08.12.2013 22:45
594	09.12.2013 01:49
595	09.12.2013 11:24
596	09.12.2013 17:01
597	10.12.2013 04:35
598	11.12.2013 19:52
599	11.12.2013 20:33
600	12.12.2013 04:43
601	12.12.2013 16:26
602	15.12.2013 19:26
603	16.12.2013 00:15
604	16.12.2013 03:19
605	17.12.2013 03:56
606	19.12.2013 00:37
607	20.12.2013 15:41
608	21.12.2013 02:47
609	21.12.2013 10:25
610	21.12.2013 10:25
611	21.12.2013 12:34
612	22.12.2013 14:39
613	23.12.2013 17:05
614	24.12.2013 00:41
615	26.12.2013 23:01
616	27.12.2013 02:55
617	27.12.2013 14:07
618	28.12.2013 18:44
619	29.12.2013 05:03
620	31.12.2013 02:52
621	01.01.2014 16:42
622	06.01.2014 11:08
623	07.01.2014 19:22
624	07.01.2014 20:53
625	08.01.2014 02:07
626	08.01.2014 04:08
627	08.01.2014 23:26
628	09.01.2014 01:16
629	09.01.2014 13:04
630	09.01.2014 18:36
631	09.01.2014 20:17
632	10.01.2014 01:05
633	10.01.2014 23:49
634	11.01.2014 23:44
635	13.01.2014 10:25
636	14.01.2014 05:28
637	14.01.2014 16:07
638	15.01.2014 07:05
639	15.01.2014 17:54
640	15.01.2014 20:37
641	17.01.2014 15:38
642	17.01.2014 17:19
643	18.01.2014 02:46
644	18.01.2014 18:31
645	18.01.2014 18:38
646	19.01.2014 06:54
647	19.01.2014 08:53
648	20.01.2014 16:02
649	21.01.2014 14:42
650	23.01.2014 03:23
651	25.01.2014 03:32
652	26.01.2014 05:35
653	26.01.2014 15:00
654	27.01.2014 00:32
655	28.01.2014 08:58
656	28.01.2014 11:01
657	28.01.2014 14:35
658	28.01.2014 17:58
659	28.01.2014 21:40
660	28.01.2014 22:18
661	29.01.2014 04:28
662	29.01.2014 09:30
663	29.01.2014 11:30
664	29.01.2014 14:13
665	30.01.2014 01:27
666	31.01.2014 20:05
667	01.02.2014 02:01
668	01.02.2014 03:02
669	01.02.2014 15:17
670	02.02.2014 00:41
671	02.02.2014 23:29
672	03.02.2014 04:21
673	03.02.2014 14:20
674	03.02.2014 20:27
675	04.02.2014 02:51
676	04.02.2014 03:51
677	04.02.2014 16:05
678	04.02.2014 17:44
679	04.02.2014 21:50
680	05.02.2014 22:18
681	06.02.2014 21:22
682	07.02.2014 06:43
683	08.02.2014 15:32
684	08.02.2014 17:56
685	09.02.2014 11:12
686	09.02.2014 19:01
687	10.02.2014 05:21
688	10.02.2014 19:19
689	10.02.2014 23:28
690	10.02.2014 23:52
691	11.02.2014 13:56
692	11.02.2014 15:40
693	11.02.2014 21:12
694	12.02.2014 16:15
695	12.02.2014 17:30
696	12.02.2014 22:38
697	12.02.2014 22:52
698	12.02.2014 23:04
699	13.02.2014 05:58
700	13.02.2014 06:05
701	13.02.2014 06:27
702	13.02.2014 17:16
703	13.02.2014 17:18
704	14.02.2014 01:27
705	14.02.2014 03:41
706	14.02.2014 10:54
707	14.02.2014 23:11
708	15.02.2014 13:25
709	15.02.2014 13:52
710	15.02.2014 23:48
711	17.02.2014 21:41
712	17.02.2014 23:23
713	18.02.2014 02:30
714	18.02.2014 04:18
715	19.02.2014 03:53
716	19.02.2014 04:19
717	20.02.2014 15:19
718	20.02.2014 15:27
719	20.02.2014 20:59
720	21.02.2014 02:57
721	21.02.2014 08:13
722	21.02.2014 17:27
723	21.02.2014 21:50
724	22.02.2014 00:08
725	22.02.2014 01:49
726	22.02.2014 15:03
727	23.02.2014 01:54
728	23.02.2014 01:55
729	23.02.2014 22:44
730	23.02.2014 23:18
731	24.02.2014 04:35
732	24.02.2014 06:38
733	24.02.2014 13:18
734	25.02.2014 22:11
735	26.02.2014 07:32
736	27.02.2014 14:18
737	27.02.2014 15:42
738	28.02.2014 18:18
739	28.02.2014 23:14
740	01.03.2014 23:09
741	03.03.2014 01:31
742	03.03.2014 23:18
743	04.03.2014 00:07
744	04.03.2014 16:58
745	04.03.2014 22:54
746	06.03.2014 04:33
747	06.03.2014 08:32
748	06.03.2014 15:34
749	07.03.2014 06:13
750	08.03.2014 18:23
751	09.03.2014 13:56
752	11.03.2014 00:22
753	11.03.2014 02:11
754	11.03.2014 05:27
755	11.03.2014 22:16
756	12.03.2014 00:41
757	13.03.2014 11:36
758	13.03.2014 14:38
759	14.03.2014 03:56
760	14.03.2014 04:38
761	14.03.2014 22:18
762	14.03.2014 22:38
763	16.03.2014 00:12
764	16.03.2014 02:27
765	16.03.2014 04:28
766	16.03.2014 16:29
767	16.03.2014 17:57
768	17.03.2014 02:43
769	17.03.2014 03:11
770	17.03.2014 08:02
771	17.03.2014 13:05
772	17.03.2014 19:46
773	18.03.2014 22:25
774	19.03.2014 01:49
775	19.03.2014 16:10
776	19.03.2014 16:18
777	19.03.2014 20:32
778	19.03.2014 21:30
779	20.03.2014 19:50
780	20.03.2014 22:31
781	20.03.2014 23:06
782	21.03.2014 17:11
783	21.03.2014 22:33
784	21.03.2014 23:26
785	22.03.2014 15:34
786	22.03.2014 17:44
787	22.03.2014 19:11
788	22.03.2014 19:45
789	22.03.2014 22:00
790	22.03.2014 23:18
791	22.03.2014 23:58
792	23.03.2014 06:00
793	23.03.2014 13:46
794	23.03.2014 16:03
795	23.03.2014 16:19
796	23.03.2014 20:27
797	23.03.2014 21:59
798	23.03.2014 23:20
799	24.03.2014 17:54
800	25.03.2014 02:53
801	25.03.2014 09:16
802	28.03.2014 04:52
803	28.03.2014 08:31
804	28.03.2014 17:12
805	28.03.2014 18:57
806	28.03.2014 20:08
807	29.03.2014 01:39
808	29.03.2014 06:17
809	29.03.2014 12:48
810	29.03.2014 17:10
811	29.03.2014 18:20
812	30.03.2014 03:13
813	30.03.2014 12:25
814	31.03.2014 03:30
815	01.04.2014 18:09
816	01.04.2014 18:13
817	01.04.2014 21:20
818	01.04.2014 21:58
819	02.04.2014 09:12
820	02.04.2014 13:44
821	03.04.2014 11:39
822	04.04.2014 23:36
823	05.04.2014 00:28
824	06.04.2014 03:29
825	06.04.2014 09:41
826	06.04.2014 21:26
827	07.04.2014 13:31
828	07.04.2014 20:06
829	09.04.2014 20:35
830	09.04.2014 20:59
831	09.04.2014 21:39
832	10.04.2014 04:58
833	10.04.2014 09:33
834	10.04.2014 10:04
835	10.04.2014 20:32
836	11.04.2014 15:22
837	12.04.2014 02:15
838	12.04.2014 02:17
839	12.04.2014 07:46
840	12.04.2014 11:41
841	13.04.2014 19:15
842	13.04.2014 21:38
843	15.04.2014 18:24
844	15.04.2014 21:35
845	18.04.2014 06:13
846	18.04.2014 08:30
847	20.04.2014 07:41
848	20.04.2014 14:43
849	20.04.2014 19:06
850	21.04.2014 05:01
851	21.04.2014 16:20
852	21.04.2014 23:36
853	22.04.2014 18:57
854	22.04.2014 21:33
855	22.04.2014 23:13
856	23.04.2014 12:21
857	23.04.2014 12:54
858	23.04.2014 22:11
859	24.04.2014 01:57
860	24.04.2014 14:57
861	25.04.2014 15:28
862	25.04.2014 18:04
863	25.04.2014 23:08
864	25.04.2014 23:31
865	26.04.2014 02:13
866	26.04.2014 07:57
867	26.04.2014 10:15
868	26.04.2014 20:16
869	26.04.2014 23:00
870	26.04.2014 23:40
871	26.04.2014 23:41
872	27.04.2014 00:01
873	02.05.2014 13:38
874	02.05.2014 13:47
875	03.05.2014 09:48
876	04.05.2014 02:49
877	04.05.2014 05:51
878	04.05.2014 14:03
879	05.05.2014 11:02
880	05.05.2014 17:02
881	06.05.2014 08:04
882	06.05.2014 16:00
883	07.05.2014 04:46
884	08.05.2014 01:01
885	08.05.2014 13:48
886	08.05.2014 15:35
887	09.05.2014 07:50
888	10.05.2014 15:51
889	12.05.2014 09:46
890	12.05.2014 20:19
891	12.05.2014 21:28
892	13.05.2014 12:59
893	13.05.2014 13:00
894	13.05.2014 13:06
895	14.05.2014 13:23
896	14.05.2014 17:55
897	14.05.2014 19:35
898	14.05.2014 23:00
899	15.05.2014 00:37
900	15.05.2014 06:14
901	15.05.2014 10:10
902	15.05.2014 23:35
903	16.05.2014 01:25
904	16.05.2014 02:27
905	16.05.2014 04:43
906	17.05.2014 05:09
907	17.05.2014 05:13
908	17.05.2014 06:35
909	17.05.2014 18:05
910	18.05.2014 15:28
911	19.05.2014 18:52
912	19.05.2014 21:01
913	19.05.2014 23:18
914	20.05.2014 02:06
915	20.05.2014 07:27
916	20.05.2014 14:48
917	21.05.2014 04:16
918	21.05.2014 12:51
919	21.05.2014 15:03
920	21.05.2014 19:21
921	22.05.2014 00:25
922	22.05.2014 00:29
923	22.05.2014 01:59
924	22.05.2014 19:04
925	22.05.2014 21:38
926	23.05.2014 00:42
927	23.05.2014 13:56
928	23.05.2014 16:18
929	23.05.2014 18:42
930	24.05.2014 02:56
931	24.05.2014 04:38
932	24.05.2014 16:13
933	24.05.2014 16:21
934	24.05.2014 16:27
935	24.05.2014 20:18
936	27.05.2014 17:39
937	27.05.2014 20:15
938	28.05.2014 02:09
939	28.05.2014 11:38
940	28.05.2014 12:17
941	28.05.2014 16:22
942	28.05.2014 23:58
943	29.05.2014 00:38
944	29.05.2014 03:03
945	30.05.2014 02:15
946	30.05.2014 06:15
947	30.05.2014 09:26
948	30.05.2014 10:30
949	31.05.2014 07:14
950	01.06.2014 02:58
951	01.06.2014 16:04
952	01.06.2014 17:51
953	01.06.2014 20:34
954	01.06.2014 22:49
955	01.06.2014 23:12
956	02.06.2014 07:37
957	03.06.2014 15:07
958	03.06.2014 15:37
959	03.06.2014 17:57
960	03.06.2014 19:37
961	03.06.2014 22:05
962	04.06.2014 21:22
963	05.06.2014 12:11
964	06.06.2014 01:53
965	06.06.2014 03:12
966	06.06.2014 05:29
967	06.06.2014 18:37
968	06.06.2014 23:53
969	07.06.2014 17:19
970	08.06.2014 04:16
971	08.06.2014 20:36
972	09.06.2014 04:28
973	10.06.2014 03:33
974	10.06.2014 14:16
975	10.06.2014 14:30
976	10.06.2014 15:12
977	11.06.2014 03:40
978	11.06.2014 17:24
979	11.06.2014 22:29
980	11.06.2014 23:45
981	12.06.2014 02:54
982	12.06.2014 15:35
983	12.06.2014 18:23
984	12.06.2014 20:52
985	13.06.2014 00:41
986	14.06.2014 02:48
987	14.06.2014 08:07
988	14.06.2014 12:49
989	14.06.2014 15:53
990	14.06.2014 15:58
991	15.06.2014 00:48
992	15.06.2014 01:57
993	15.06.2014 02:47
994	16.06.2014 17:08
995	16.06.2014 18:29
996	16.06.2014 20:52
997	16.06.2014 23:16
998	17.06.2014 07:00
999	17.06.2014 15:15
1000	17.06.2014 19:21
1001	17.06.2014 19:36
1002	19.06.2014 05:32
1003	19.06.2014 14:44
1004	19.06.2014 23:47
1005	21.06.2014 03:31
1006	24.06.2014 10:32
1007	24.06.2014 18:06
1008	24.06.2014 19:04
1009	24.06.2014 23:52
1010	25.06.2014 04:25
1011	25.06.2014 12:07
1012	25.06.2014 15:31
1013	25.06.2014 15:59
1014	26.06.2014 04:13
1015	27.06.2014 18:26
1016	27.06.2014 23:26
1017	28.06.2014 03:43
1018	28.06.2014 04:42
1019	28.06.2014 07:49
1020	28.06.2014 16:46
1021	28.06.2014 17:47
1022	28.06.2014 20:37
1023	28.06.2014 21:52
1024	29.06.2014 04:37
1025	29.06.2014 05:20
1026	29.06.2014 06:15
1027	29.06.2014 06:27
1028	29.06.2014 16:02
1029	29.06.2014 17:21
1030	29.06.2014 18:51
1031	30.06.2014 00:32
1032	30.06.2014 14:17
1033	01.07.2014 14:51
1034	01.07.2014 15:23
1035	01.07.2014 18:57
1036	01.07.2014 21:05
1037	02.07.2014 11:54
1038	02.07.2014 12:02
1039	02.07.2014 12:04
1040	02.07.2014 12:06
1041	03.07.2014 19:24
1042	03.07.2014 20:07
1043	03.07.2014 21:01
1044	04.07.2014 01:28
1045	05.07.2014 13:46
1046	05.07.2014 19:11
1047	06.07.2014 05:53
1048	06.07.2014 07:28
1049	07.07.2014 14:48
1050	09.07.2014 20:29
1051	10.07.2014 01:17
1052	10.07.2014 05:10
1053	10.07.2014 16:43
1054	10.07.2014 20:01
1055	10.07.2014 21:55
1056	10.07.2014 23:34
1057	11.07.2014 02:02
1058	11.07.2014 06:16
1059	11.07.2014 21:36
1060	11.07.2014 22:51
1061	12.07.2014 06:38
1062	12.07.2014 13:45
1063	12.07.2014 21:41
1064	13.07.2014 19:00
1065	13.07.2014 22:30
1066	14.07.2014 02:27
1067	15.07.2014 02:10
1068	15.07.2014 05:02
1069	15.07.2014 21:20
1070	16.07.2014 02:53
1071	16.07.2014 08:55
1072	16.07.2014 14:42
1073	16.07.2014 17:47
1074	16.07.2014 20:24
1075	16.07.2014 20:44
1076	16.07.2014 20:47
1077	17.07.2014 17:25
1078	17.07.2014 23:27
1079	18.07.2014 01:39
1080	18.07.2014 10:16
1081	18.07.2014 10:24
1082	18.07.2014 10:26
1083	18.07.2014 11:50
1084	19.07.2014 03:32
1085	20.07.2014 18:02
1086	21.07.2014 13:24
1087	21.07.2014 17:56
1088	22.07.2014 04:04
1089	22.07.2014 12:04
1090	22.07.2014 13:39
1091	23.07.2014 06:03
1092	23.07.2014 13:54
1093	23.07.2014 17:31
1094	23.07.2014 18:49
1095	23.07.2014 18:51
1096	24.07.2014 07:08
1097	24.07.2014 07:20
1098	24.07.2014 13:09
1099	24.07.2014 16:56
1100	24.07.2014 21:33
1101	25.07.2014 18:22
1102	25.07.2014 23:32
1103	26.07.2014 19:31
1104	26.07.2014 20:16
1105	27.07.2014 11:35
1106	27.07.2014 19:43
1107	28.07.2014 02:12
1108	28.07.2014 04:16
1109	28.07.2014 06:12
1110	28.07.2014 08:58
1111	29.07.2014 11:56
1112	29.07.2014 21:54
1113	29.07.2014 22:39
1114	30.07.2014 02:09
1115	30.07.2014 02:52
1116	30.07.2014 06:00
1117	30.07.2014 16:46
1118	30.07.2014 21:05
1119	30.07.2014 21:06
1120	31.07.2014 07:50
1121	31.07.2014 08:56
1122	31.07.2014 15:39
1123	31.07.2014 16:12
1124	01.08.2014 18:24
1125	01.08.2014 19:34
1126	02.08.2014 04:06
1127	02.08.2014 05:40
1128	03.08.2014 18:58
1129	04.08.2014 01:55
1130	04.08.2014 02:02
1131	04.08.2014 09:02
1132	04.08.2014 10:54
1133	04.08.2014 12:09
1134	04.08.2014 18:48
1135	04.08.2014 18:49
1136	05.08.2014 04:36
1137	05.08.2014 08:14
1138	05.08.2014 14:08
1139	06.08.2014 17:20
1140	06.08.2014 17:39
1141	07.08.2014 04:47
1142	11.08.2014 10:19
1143	11.08.2014 12:46
1144	11.08.2014 14:00
1145	11.08.2014 18:47
1146	11.08.2014 19:39
1147	11.08.2014 21:19
1148	13.08.2014 13:01
1149	13.08.2014 14:27
1150	13.08.2014 14:44
1151	13.08.2014 17:34
1152	13.08.2014 17:44
1153	13.08.2014 23:50
1154	14.08.2014 01:20
1155	14.08.2014 01:33
1156	14.08.2014 02:51
1157	15.08.2014 21:30
1158	15.08.2014 22:41
1159	18.08.2014 06:35
1160	18.08.2014 09:11
1161	18.08.2014 09:48
1162	18.08.2014 20:19
1163	18.08.2014 20:32
1164	19.08.2014 00:43
1165	19.08.2014 04:31
1166	19.08.2014 07:14
1167	19.08.2014 09:02
1168	19.08.2014 15:33
1169	19.08.2014 16:27
1170	19.08.2014 19:32
1171	19.08.2014 21:16
1172	19.08.2014 21:46
1173	21.08.2014 10:20
1174	21.08.2014 15:26
1175	21.08.2014 16:30
1176	22.08.2014 00:24
1177	22.08.2014 04:35
1178	22.08.2014 05:12
1179	23.08.2014 07:49
1180	23.08.2014 12:32
1181	23.08.2014 14:58
1182	23.08.2014 16:35
1183	23.08.2014 23:05
1184	24.08.2014 01:22
1185	24.08.2014 18:55
1186	24.08.2014 20:51
1187	24.08.2014 22:39
1188	25.08.2014 02:00
1189	25.08.2014 18:01
1190	26.08.2014 07:03
1191	26.08.2014 13:16
1192	28.08.2014 01:29
1193	28.08.2014 02:36
1194	30.08.2014 17:03
1195	31.08.2014 00:20
1196	31.08.2014 12:53
1197	31.08.2014 16:21
1198	31.08.2014 21:16
1199	01.09.2014 01:40
1200	01.09.2014 01:57
1201	01.09.2014 18:28
1202	01.09.2014 20:07
1203	02.09.2014 00:16
1204	02.09.2014 06:01
1205	02.09.2014 22:42
1206	02.09.2014 22:50
1207	03.09.2014 00:10
1208	03.09.2014 03:04
1209	03.09.2014 21:50
1210	04.09.2014 02:07
1211	04.09.2014 03:26
1212	05.09.2014 22:23
1213	05.09.2014 23:05
1214	06.09.2014 00:30
1215	06.09.2014 10:13
1216	06.09.2014 17:30
1217	06.09.2014 18:16
1218	07.09.2014 03:53
1219	07.09.2014 09:06
1220	08.09.2014 04:13
1221	08.09.2014 06:52
1222	08.09.2014 19:20
1223	09.09.2014 07:06
1224	09.09.2014 20:29
1225	09.09.2014 20:58
1226	10.09.2014 08:53
1227	10.09.2014 10:24
1228	10.09.2014 16:56
1229	10.09.2014 19:20
1230	10.09.2014 22:43
1231	11.09.2014 06:28
1232	12.09.2014 02:45
1233	13.09.2014 15:42
1234	13.09.2014 18:17
1235	13.09.2014 22:21
1236	13.09.2014 22:55
1237	14.09.2014 00:37
1238	14.09.2014 02:00
1239	14.09.2014 15:39
1240	14.09.2014 16:25
1241	15.09.2014 06:06
1242	15.09.2014 07:20
1243	15.09.2014 09:37
1244	15.09.2014 16:22
1245	16.09.2014 02:48
1246	16.09.2014 02:50
1247	16.09.2014 05:23
1248	16.09.2014 06:22
1249	16.09.2014 12:14
1250	16.09.2014 18:20
1251	17.09.2014 00:00
1252	17.09.2014 02:01
1253	17.09.2014 03:37
1254	17.09.2014 20:09
1255	18.09.2014 01:09
1256	18.09.2014 21:31
1257	19.09.2014 14:08
1258	19.09.2014 16:14
1259	21.09.2014 06:12
1260	22.09.2014 16:39
1261	22.09.2014 17:26
1262	23.09.2014 00:24
1263	23.09.2014 02:49
1264	23.09.2014 15:45
1265	23.09.2014 18:40
1266	23.09.2014 20:51
1267	23.09.2014 21:56
1268	23.09.2014 21:59
1269	24.09.2014 00:34
1270	24.09.2014 02:11
1271	24.09.2014 07:10
1272	24.09.2014 12:46
1273	24.09.2014 14:49
1274	24.09.2014 16:04
1275	25.09.2014 06:59
1276	25.09.2014 11:47
1277	25.09.2014 22:01
1278	26.09.2014 01:23
1279	26.09.2014 03:49
1280	26.09.2014 14:30
1281	26.09.2014 15:15
1282	26.09.2014 16:41
1283	26.09.2014 19:00
1284	26.09.2014 20:46
1285	26.09.2014 22:37
1286	27.09.2014 02:28
1287	27.09.2014 21:30
1288	28.09.2014 02:05
1289	28.09.2014 20:48
1290	29.09.2014 14:35
1291	30.09.2014 01:03
1292	30.09.2014 14:47
1293	30.09.2014 15:25
1294	01.10.2014 09:58
1295	01.10.2014 13:07
1296	01.10.2014 14:58
1297	01.10.2014 16:36
1298	01.10.2014 19:56
1299	02.10.2014 15:13
1300	03.10.2014 03:19
1301	03.10.2014 10:37
1302	03.10.2014 13:49
1303	03.10.2014 19:10
1304	04.10.2014 06:51
1305	05.10.2014 03:33
1306	05.10.2014 14:50
1307	05.10.2014 18:09
1308	06.10.2014 14:02
1309	07.10.2014 00:32
1310	07.10.2014 17:38
1311	07.10.2014 18:06
1312	08.10.2014 03:59
1313	11.10.2014 19:44
1314	13.10.2014 21:16
1315	13.10.2014 22:18
1316	14.10.2014 02:11
1317	14.10.2014 20:50
1318	14.10.2014 21:05
1319	16.10.2014 15:27
1320	16.10.2014 16:14
1321	16.10.2014 19:18
1322	16.10.2014 23:40
1323	17.10.2014 03:26
1324	17.10.2014 04:43
1325	17.10.2014 12:48
1326	17.10.2014 23:16
1327	18.10.2014 04:23
1328	18.10.2014 18:29
1329	18.10.2014 22:08
1330	19.10.2014 02:53
1331	21.10.2014 06:31
1332	21.10.2014 08:06
1333	21.10.2014 21:16
1334	22.10.2014 06:54
1335	23.10.2014 00:44
1336	23.10.2014 03:41
1337	23.10.2014 11:43
1338	23.10.2014 19:10
1339	23.10.2014 20:02
1340	23.10.2014 21:44
1341	23.10.2014 21:47
1342	24.10.2014 16:01
1343	24.10.2014 20:00
1344	25.10.2014 17:02
1345	25.10.2014 20:41
1346	25.10.2014 21:25
1347	26.10.2014 00:03
1348	26.10.2014 12:32
1349	26.10.2014 19:30
1350	27.10.2014 01:47
1351	27.10.2014 02:17
1352	27.10.2014 14:48
1353	27.10.2014 15:18
1354	27.10.2014 16:20
1355	29.10.2014 02:16
1356	29.10.2014 19:17
1357	29.10.2014 23:16
1358	31.10.2014 03:37
1359	31.10.2014 13:58
1360	01.11.2014 06:54
1361	01.11.2014 18:41
1362	02.11.2014 13:25
1363	02.11.2014 19:15
1364	03.11.2014 06:14
1365	03.11.2014 09:17
1366	03.11.2014 16:59
1367	03.11.2014 20:02
1368	04.11.2014 02:07
1369	04.11.2014 18:40
1370	04.11.2014 19:39
1371	04.11.2014 21:15
1372	05.11.2014 03:11
1373	06.11.2014 15:23
1374	06.11.2014 20:51
1375	07.11.2014 00:38
1376	07.11.2014 14:13
1377	07.11.2014 14:13
1378	07.11.2014 19:32
1379	09.11.2014 06:05
1380	09.11.2014 08:05
1381	09.11.2014 17:23
1382	09.11.2014 19:45
1383	10.11.2014 00:01
1384	10.11.2014 00:08
1385	10.11.2014 01:42
1386	10.11.2014 19:29
1387	10.11.2014 21:07
1388	11.11.2014 17:54
1389	11.11.2014 20:15
1390	11.11.2014 20:18
1391	11.11.2014 20:19
1392	11.11.2014 20:19
1393	11.11.2014 20:31
1394	11.11.2014 21:07
1395	12.11.2014 03:41
1396	13.11.2014 20:21
1397	13.11.2014 22:03
1398	14.11.2014 13:54
1399	14.11.2014 16:03
1400	15.11.2014 00:26
1401	16.11.2014 16:40
1402	16.11.2014 20:51
1403	16.11.2014 20:56
1404	16.11.2014 22:21
1405	16.11.2014 23:21
1406	17.11.2014 11:43
1407	17.11.2014 11:46
1408	18.11.2014 22:28
1409	19.11.2014 10:15
1410	20.11.2014 00:08
1411	20.11.2014 00:34
1412	20.11.2014 01:25
1413	21.11.2014 01:26
1414	21.11.2014 20:39
1415	22.11.2014 02:12
1416	22.11.2014 07:17
1417	22.11.2014 23:12
1418	23.11.2014 07:47
1419	23.11.2014 16:25
1420	24.11.2014 09:50
1421	24.11.2014 17:07
1422	24.11.2014 19:56
1423	24.11.2014 21:31
1424	24.11.2014 21:47
1425	24.11.2014 21:55
1426	25.11.2014 02:25
1427	25.11.2014 22:01
1428	25.11.2014 22:09
1429	26.11.2014 14:32
1430	26.11.2014 19:36
1431	28.11.2014 12:44
1432	28.11.2014 14:19
1433	28.11.2014 15:18
1434	28.11.2014 17:53
1435	28.11.2014 21:27
1436	29.11.2014 19:36
1437	30.11.2014 17:58
1438	30.11.2014 20:00
1439	30.11.2014 20:34
1440	02.12.2014 00:28
1441	02.12.2014 03:30
1442	02.12.2014 11:51
1443	02.12.2014 15:18
1444	02.12.2014 21:24
1445	03.12.2014 10:42
1446	03.12.2014 17:13
1447	03.12.2014 19:15
1448	05.12.2014 03:47
1449	05.12.2014 04:17
1450	05.12.2014 19:44
1451	06.12.2014 00:52
1452	06.12.2014 02:36
1453	06.12.2014 07:16
1454	06.12.2014 15:46
1455	06.12.2014 15:55
1456	07.12.2014 06:25
1457	07.12.2014 22:34
1458	09.12.2014 01:37
1459	09.12.2014 06:56
1460	09.12.2014 08:26
1461	09.12.2014 13:41
1462	09.12.2014 15:36
1463	09.12.2014 21:51
1464	09.12.2014 23:27
1465	10.12.2014 05:20
1466	11.12.2014 05:47
1467	11.12.2014 06:30
1468	11.12.2014 18:35
1469	12.12.2014 14:44
1470	13.12.2014 03:49
1471	14.12.2014 15:19
1472	14.12.2014 15:37
1473	14.12.2014 19:30
1474	15.12.2014 06:21
1475	15.12.2014 08:50
1476	15.12.2014 14:56
1477	16.12.2014 02:42
1478	16.12.2014 02:43
1479	16.12.2014 06:18
1480	16.12.2014 06:21
1481	16.12.2014 16:10
1482	17.12.2014 09:08
1483	17.12.2014 16:46
1484	17.12.2014 22:37
1485	17.12.2014 22:39
1486	18.12.2014 03:21
1487	19.12.2014 03:06
1488	19.12.2014 03:35
1489	19.12.2014 10:24
1490	21.12.2014 04:14
1491	22.12.2014 04:01
1492	22.12.2014 21:29
1493	23.12.2014 05:28
1494	23.12.2014 12:10
1495	24.12.2014 06:27
1496	24.12.2014 15:58
1497	26.12.2014 11:18
1498	26.12.2014 11:19
1499	26.12.2014 17:02
1500	26.12.2014 17:37
1501	27.12.2014 18:11
1502	27.12.2014 21:34
1503	29.12.2014 00:55
1504	29.12.2014 04:48
1505	29.12.2014 13:52
1506	30.12.2014 19:17
1507	30.12.2014 23:16
1508	30.12.2014 23:58
1509	31.12.2014 12:38
1510	31.12.2014 16:47
1511	01.01.2015 13:30
1512	01.01.2015 21:10
1513	02.01.2015 04:21
1514	03.01.2015 04:48
1515	03.01.2015 06:30
1516	04.01.2015 00:11
1517	04.01.2015 05:01
1518	04.01.2015 06:53
1519	05.01.2015 18:36
1520	05.01.2015 22:32
1521	06.01.2015 01:34
1522	06.01.2015 03:16
1523	06.01.2015 16:27
1524	07.01.2015 05:20
1525	07.01.2015 08:53
1526	07.01.2015 10:37
1527	07.01.2015 11:04
1528	07.01.2015 11:11
1529	07.01.2015 20:05
1530	07.01.2015 21:22
1531	08.01.2015 05:54
1532	08.01.2015 07:07
1533	08.01.2015 11:14
1534	08.01.2015 16:59
1535	08.01.2015 18:28
1536	09.01.2015 07:46
1537	09.01.2015 12:32
1538	09.01.2015 12:55
1539	09.01.2015 20:34
1540	11.01.2015 09:20
1541	11.01.2015 16:18
1542	11.01.2015 18:40
1543	11.01.2015 18:42
1544	13.01.2015 04:04
1545	13.01.2015 23:08
1546	14.01.2015 06:37
1547	16.01.2015 01:56
1548	18.01.2015 03:03
1549	19.01.2015 07:09
1550	19.01.2015 13:55
1551	19.01.2015 14:28
1552	19.01.2015 18:38
1553	20.01.2015 07:15
1554	20.01.2015 16:12
1555	20.01.2015 19:26
1556	20.01.2015 19:28
1557	21.01.2015 01:24
1558	21.01.2015 01:24
1559	21.01.2015 06:55
1560	21.01.2015 10:35
1561	21.01.2015 12:34
1562	21.01.2015 16:28
1563	21.01.2015 20:07
1564	21.01.2015 20:42
1565	21.01.2015 22:44
1566	22.01.2015 00:13
1567	22.01.2015 16:35
1568	23.01.2015 02:41
1569	23.01.2015 03:49
1570	23.01.2015 16:37
1571	23.01.2015 22:20
1572	24.01.2015 04:39
1573	24.01.2015 08:55
1574	25.01.2015 12:49
1575	25.01.2015 15:11
1576	25.01.2015 16:27
1577	25.01.2015 19:06
1578	25.01.2015 21:25
1579	26.01.2015 03:35
1580	26.01.2015 08:35
1581	26.01.2015 14:10
1582	27.01.2015 03:01
1583	27.01.2015 03:12
1584	27.01.2015 04:30
1585	27.01.2015 16:33
1586	27.01.2015 19:22
1587	28.01.2015 21:43
1588	29.01.2015 03:41
1589	29.01.2015 22:54
1590	30.01.2015 16:36
1591	30.01.2015 19:55
1592	30.01.2015 21:05
1593	31.01.2015 03:07
1594	31.01.2015 15:15
1595	31.01.2015 20:33
1596	31.01.2015 20:54
1597	01.02.2015 18:03
1598	01.02.2015 20:23
1599	01.02.2015 22:19
1600	02.02.2015 22:06
1601	03.02.2015 13:42
1602	03.02.2015 15:01
1603	06.02.2015 18:26
1604	06.02.2015 20:47
1605	07.02.2015 02:21
1606	07.02.2015 07:10
1607	08.02.2015 03:34
1608	09.02.2015 01:15
1609	10.02.2015 05:00
1610	10.02.2015 20:30
1611	11.02.2015 08:31
1612	12.02.2015 03:42
1613	12.02.2015 04:26
1614	12.02.2015 04:44
1615	12.02.2015 06:51
1616	12.02.2015 10:18
1617	12.02.2015 10:28
1618	12.02.2015 13:25
1619	12.02.2015 15:41
1620	12.02.2015 20:25
1621	12.02.2015 23:41
1622	13.02.2015 02:08
1623	13.02.2015 07:28
1624	13.02.2015 10:18
1625	13.02.2015 16:30
1626	13.02.2015 19:30
1627	13.02.2015 23:32
1628	15.02.2015 18:53
1629	15.02.2015 22:10
1630	15.02.2015 22:49
1631	15.02.2015 23:51
1632	16.02.2015 03:59
1633	16.02.2015 16:22
1634	17.02.2015 02:52
1635	17.02.2015 10:07
1636	17.02.2015 20:10
1637	19.02.2015 04:59
1638	19.02.2015 10:53
1639	19.02.2015 15:58
1640	19.02.2015 17:02
1641	19.02.2015 20:11
1642	20.02.2015 01:01
1643	20.02.2015 06:43
1644	20.02.2015 06:43
1645	20.02.2015 07:01
1646	20.02.2015 07:01
1647	20.02.2015 21:29
1648	21.02.2015 02:29
1649	21.02.2015 02:47
1650	22.02.2015 15:01
1651	23.02.2015 00:45
1652	23.02.2015 13:46
1653	23.02.2015 15:55
1654	23.02.2015 15:58
1655	23.02.2015 15:59
1656	24.02.2015 15:58
1657	24.02.2015 16:49
1658	24.02.2015 16:54
1659	24.02.2015 22:49
1660	25.02.2015 04:10
1661	25.02.2015 12:46
1662	25.02.2015 13:09
1663	25.02.2015 21:03
1664	26.02.2015 05:30
1665	26.02.2015 09:21
1666	26.02.2015 19:21
1667	27.02.2015 03:01
1668	27.02.2015 04:20
1669	27.02.2015 15:28
1670	27.02.2015 17:49
1671	27.02.2015 19:04
1672	28.02.2015 05:21
1673	28.02.2015 16:17
1674	28.02.2015 17:30
1675	01.03.2015 01:47
1676	01.03.2015 19:53
1677	02.03.2015 00:58
1678	02.03.2015 16:03
1679	03.03.2015 14:19
1680	03.03.2015 16:41
1681	04.03.2015 10:16
1682	04.03.2015 12:59
1683	04.03.2015 22:04
1684	04.03.2015 22:35
1685	04.03.2015 23:44
1686	04.03.2015 23:55
1687	05.03.2015 00:02
1688	05.03.2015 12:34
1689	05.03.2015 12:35
1690	05.03.2015 16:18
1691	05.03.2015 16:45
1692	06.03.2015 00:43
1693	06.03.2015 15:58
1694	07.03.2015 10:28
1695	07.03.2015 10:48
1696	07.03.2015 15:18
1697	09.03.2015 17:33
1698	09.03.2015 17:41
1699	10.03.2015 04:24
1700	10.03.2015 05:41
1701	11.03.2015 06:51
1702	11.03.2015 16:30
1703	11.03.2015 23:38
1704	12.03.2015 20:53
1705	13.03.2015 01:49
1706	13.03.2015 06:08
1707	14.03.2015 05:04
1708	14.03.2015 18:30
1709	15.03.2015 13:33
1710	15.03.2015 18:14
1711	16.03.2015 01:15
1712	17.03.2015 04:47
1713	17.03.2015 08:12
1714	17.03.2015 19:48
1715	19.03.2015 02:02
1716	19.03.2015 11:57
1717	19.03.2015 20:11
1718	20.03.2015 03:39
1719	20.03.2015 07:38
1720	20.03.2015 07:40
1721	21.03.2015 05:39
1722	22.03.2015 09:54
1723	23.03.2015 02:45
1724	23.03.2015 04:46
1725	23.03.2015 17:46
1726	24.03.2015 16:27
1727	24.03.2015 20:02
1728	24.03.2015 23:00
1729	25.03.2015 12:21
1730	25.03.2015 18:41
1731	26.03.2015 05:30
1732	26.03.2015 06:19
1733	26.03.2015 16:00
1734	26.03.2015 17:57
1735	27.03.2015 16:34
1736	27.03.2015 18:39
1737	28.03.2015 21:42
1738	29.03.2015 02:51
1739	29.03.2015 04:11
1740	29.03.2015 08:10
1741	30.03.2015 06:52
1742	30.03.2015 18:39
1743	30.03.2015 18:42
1744	30.03.2015 19:54
1745	30.03.2015 20:16
1746	31.03.2015 09:03
1747	31.03.2015 18:48
1748	31.03.2015 20:41
1749	01.04.2015 00:16
1750	01.04.2015 18:15
1751	01.04.2015 19:01
1752	01.04.2015 19:03
1753	01.04.2015 21:33
1754	01.04.2015 21:34
1755	01.04.2015 22:47
1756	02.04.2015 17:02
1757	02.04.2015 17:45
1758	03.04.2015 01:50
1759	03.04.2015 02:12
1760	03.04.2015 02:44
1761	03.04.2015 14:40
1762	04.04.2015 17:51
1763	04.04.2015 18:00
1764	04.04.2015 20:36
1765	05.04.2015 03:13
1766	05.04.2015 15:29
1767	05.04.2015 18:31
1768	05.04.2015 18:54
1769	06.04.2015 04:59
1770	06.04.2015 13:00
1771	06.04.2015 15:41
1772	06.04.2015 18:43
1773	06.04.2015 21:09
1774	07.04.2015 14:41
1775	07.04.2015 16:39
1776	07.04.2015 16:59
1777	07.04.2015 22:30
1778	08.04.2015 00:32
1779	08.04.2015 02:48
1780	08.04.2015 05:33
1781	08.04.2015 06:23
1782	08.04.2015 17:51
1783	08.04.2015 20:41
1784	09.04.2015 03:02
1785	09.04.2015 04:29
1786	09.04.2015 13:49
1787	09.04.2015 19:03
1788	10.04.2015 10:47
1789	10.04.2015 15:36
1790	10.04.2015 19:20
1791	11.04.2015 02:00
1792	11.04.2015 02:39
1793	11.04.2015 02:54
1794	12.04.2015 08:38
1795	12.04.2015 08:42
1796	13.04.2015 14:12
1797	13.04.2015 17:56
1798	13.04.2015 23:37
1799	13.04.2015 23:47
1800	14.04.2015 07:33
1801	14.04.2015 09:40
1802	14.04.2015 12:06
1803	14.04.2015 14:19
1804	14.04.2015 17:19
1805	14.04.2015 19:57
1806	15.04.2015 00:45
1807	16.04.2015 04:00
1808	16.04.2015 12:48
1809	16.04.2015 13:49
1810	16.04.2015 19:47
1811	16.04.2015 20:35
1812	17.04.2015 10:45
1813	18.04.2015 17:50
1814	19.04.2015 21:39
1815	19.04.2015 23:25
1816	20.04.2015 01:08
1817	20.04.2015 15:46
1818	21.04.2015 05:02
1819	21.04.2015 07:53
1820	21.04.2015 15:07
1821	21.04.2015 15:30
1822	21.04.2015 16:45
1823	21.04.2015 18:00
1824	22.04.2015 03:10
1825	22.04.2015 04:13
1826	22.04.2015 12:37
1827	23.04.2015 00:05
1828	23.04.2015 21:05
1829	23.04.2015 21:08
1830	26.04.2015 03:36
1831	26.04.2015 05:50
1832	26.04.2015 16:45
1833	27.04.2015 02:44
1834	27.04.2015 12:15
1835	27.04.2015 15:33
1836	28.04.2015 02:40
1837	29.04.2015 15:32
1838	29.04.2015 19:53
1839	29.04.2015 23:53
1840	30.04.2015 00:55
1841	30.04.2015 11:57
1842	30.04.2015 13:17
1843	01.05.2015 02:46
1844	01.05.2015 07:25
1845	01.05.2015 17:02
1846	02.05.2015 05:43
1847	02.05.2015 13:11
1848	02.05.2015 18:02
1849	03.05.2015 10:41
1850	03.05.2015 12:45
1851	03.05.2015 13:52
1852	03.05.2015 16:06
1853	04.05.2015 02:43
1854	04.05.2015 17:53
1855	04.05.2015 19:18
1856	04.05.2015 23:37
1857	05.05.2015 01:38
1858	05.05.2015 19:21
1859	05.05.2015 22:55
1860	05.05.2015 23:20
1861	05.05.2015 23:33
1862	06.05.2015 02:58
1863	06.05.2015 07:13
1864	06.05.2015 07:34
1865	06.05.2015 11:56
1866	06.05.2015 16:08
1867	06.05.2015 21:07
1868	06.05.2015 22:17
1869	06.05.2015 23:29
1870	07.05.2015 04:34
1871	07.05.2015 18:13
1872	08.05.2015 05:05
1873	08.05.2015 23:46
1874	09.05.2015 00:11
1875	09.05.2015 01:40
1876	10.05.2015 10:18
1877	11.05.2015 16:14
1878	12.05.2015 02:33
1879	12.05.2015 03:16
1880	12.05.2015 06:25
1881	12.05.2015 08:35
1882	13.05.2015 00:41
1883	13.05.2015 17:44
1884	13.05.2015 20:39
1885	14.05.2015 05:44
1886	14.05.2015 16:46
1887	15.05.2015 10:36
1888	15.05.2015 14:52
1889	15.05.2015 17:02
1890	17.05.2015 16:55
1891	17.05.2015 19:13
1892	18.05.2015 03:57
1893	18.05.2015 15:37
1894	18.05.2015 21:46
1895	19.05.2015 02:28
1896	19.05.2015 04:03
1897	19.05.2015 08:22
1898	19.05.2015 15:39
1899	19.05.2015 20:47
1900	20.05.2015 03:32
1901	20.05.2015 03:57
1902	20.05.2015 04:08
1903	20.05.2015 19:41
1904	20.05.2015 23:39
1905	21.05.2015 01:50
1906	21.05.2015 02:04
1907	21.05.2015 19:12
1908	22.05.2015 03:28
1909	22.05.2015 09:20
1910	22.05.2015 18:52
1911	23.05.2015 15:47
1912	24.05.2015 17:20
1913	24.05.2015 20:25
1914	26.05.2015 00:12
1915	26.05.2015 19:37
1916	27.05.2015 00:23
1917	27.05.2015 10:05
1918	28.05.2015 11:58
1919	29.05.2015 07:24
1920	29.05.2015 20:08
1921	30.05.2015 02:08
1922	30.05.2015 03:21
1923	30.05.2015 17:48
1924	31.05.2015 12:39
1925	31.05.2015 19:01
1926	01.06.2015 08:30
1927	01.06.2015 08:32
1928	01.06.2015 21:27
1929	01.06.2015 21:28
1930	02.06.2015 12:46
1931	02.06.2015 22:02
1932	03.06.2015 21:29
1933	07.06.2015 10:31
1934	07.06.2015 10:32
1935	07.06.2015 10:33
1936	08.06.2015 02:09
1937	08.06.2015 02:46
1938	08.06.2015 13:10
1939	08.06.2015 16:27
1940	08.06.2015 19:20
1941	09.06.2015 00:53
1942	09.06.2015 04:24
1943	09.06.2015 22:22
1944	10.06.2015 13:58
1945	10.06.2015 16:00
1946	10.06.2015 17:08
1947	11.06.2015 16:07
1948	11.06.2015 20:45
1949	11.06.2015 22:05
1950	12.06.2015 16:08
1951	13.06.2015 04:04
1952	13.06.2015 11:01
1953	13.06.2015 19:30
1954	15.06.2015 00:17
1955	15.06.2015 02:41
1956	15.06.2015 04:15
1957	15.06.2015 07:38
1958	16.06.2015 00:04
1959	16.06.2015 06:04
1960	16.06.2015 15:13
1961	16.06.2015 23:34
1962	17.06.2015 17:40
1963	19.06.2015 04:43
1964	19.06.2015 22:01
1965	21.06.2015 20:42
1966	21.06.2015 22:30
1967	22.06.2015 12:30
1968	23.06.2015 15:58
1969	23.06.2015 21:16
1970	23.06.2015 21:51
1971	24.06.2015 13:19
1972	24.06.2015 17:43
1973	24.06.2015 23:41
1974	25.06.2015 13:04
1975	26.06.2015 00:59
1976	26.06.2015 06:07
1977	26.06.2015 11:29
1978	26.06.2015 13:14
1979	27.06.2015 08:27
1980	28.06.2015 16:57
1981	28.06.2015 19:08
1982	30.06.2015 14:18
1983	30.06.2015 15:50
1984	30.06.2015 17:25
1985	30.06.2015 20:00
1986	30.06.2015 23:17
1987	01.07.2015 17:21
1988	01.07.2015 18:09
1989	01.07.2015 21:16
1990	01.07.2015 22:03
1991	01.07.2015 22:32
1992	01.07.2015 23:14
1993	02.07.2015 01:46
1994	02.07.2015 07:57
1995	02.07.2015 07:58
1996	02.07.2015 22:53
1997	03.07.2015 01:22
1998	03.07.2015 05:12
1999	03.07.2015 13:51
2000	03.07.2015 21:26
2001	03.07.2015 23:33
2002	05.07.2015 03:28
2003	05.07.2015 19:57
2004	05.07.2015 20:10
2005	06.07.2015 14:42
2006	07.07.2015 00:32
2007	07.07.2015 18:22
2008	08.07.2015 01:47
2009	08.07.2015 15:51
2010	08.07.2015 16:51
2011	08.07.2015 17:02
2012	09.07.2015 05:12
2013	09.07.2015 11:43
2014	09.07.2015 16:38
2015	10.07.2015 06:38
2016	10.07.2015 16:55
2017	10.07.2015 17:01
2018	10.07.2015 17:46
2019	10.07.2015 20:49
2020	10.07.2015 22:52
2021	12.07.2015 13:00
2022	12.07.2015 19:07
2023	13.07.2015 03:07
2024	13.07.2015 16:28
2025	13.07.2015 17:41
2026	13.07.2015 17:52
2027	13.07.2015 18:05
2028	14.07.2015 18:59
2029	15.07.2015 18:11
2030	16.07.2015 12:25
2031	16.07.2015 15:50
2032	16.07.2015 16:41
2033	18.07.2015 17:41
2034	19.07.2015 17:20
2035	20.07.2015 01:17
2036	20.07.2015 12:41
2037	21.07.2015 06:13
2038	21.07.2015 15:21
2039	21.07.2015 19:28
2040	22.07.2015 05:45
2041	22.07.2015 12:03
2042	22.07.2015 18:44
2043	22.07.2015 20:42
2044	23.07.2015 01:07
2045	23.07.2015 11:40
2046	23.07.2015 19:59
2047	23.07.2015 21:22
2048	24.07.2015 14:15
2049	24.07.2015 23:29
2050	25.07.2015 16:31
2051	25.07.2015 18:05
2052	25.07.2015 21:41
2053	26.07.2015 17:32
2054	27.07.2015 04:42
2055	27.07.2015 05:22
2056	27.07.2015 19:37
2057	28.07.2015 12:37
2058	28.07.2015 19:56
2059	29.07.2015 06:44
2060	29.07.2015 11:46
2061	29.07.2015 16:12
2062	30.07.2015 07:50
2063	31.07.2015 01:44
2064	31.07.2015 22:10
2065	01.08.2015 19:42
2066	01.08.2015 23:45
2067	02.08.2015 01:52
2068	03.08.2015 02:23
2069	03.08.2015 06:27
2070	05.08.2015 00:01
2071	05.08.2015 01:53
2072	05.08.2015 07:27
2073	05.08.2015 12:14
2074	05.08.2015 19:37
2075	05.08.2015 20:55
2076	06.08.2015 15:45
2077	06.08.2015 20:59
2078	07.08.2015 02:42
2079	07.08.2015 21:08
2080	08.08.2015 10:51
2081	08.08.2015 20:20
2082	08.08.2015 20:20
2083	09.08.2015 06:06
2084	09.08.2015 22:07
2085	09.08.2015 22:36
2086	10.08.2015 07:41
2087	10.08.2015 14:57
2088	10.08.2015 18:33
2089	12.08.2015 02:19
2090	12.08.2015 04:52
2091	12.08.2015 19:33
2092	13.08.2015 15:33
2093	13.08.2015 22:23
2094	14.08.2015 01:25
2095	14.08.2015 03:57
2096	14.08.2015 15:37
2097	14.08.2015 18:34
2098	15.08.2015 17:50
2099	15.08.2015 22:13
2100	16.08.2015 05:57
2101	16.08.2015 13:08
2102	18.08.2015 05:40
2103	18.08.2015 19:24
2104	18.08.2015 19:46
2105	18.08.2015 21:44
2106	18.08.2015 23:21
2107	19.08.2015 06:14
2108	19.08.2015 15:52
2109	19.08.2015 17:04
2110	19.08.2015 18:10
2111	19.08.2015 19:01
2112	20.08.2015 02:34
2113	20.08.2015 02:38
2114	21.08.2015 06:31
2115	21.08.2015 15:02
2116	22.08.2015 20:29
2117	23.08.2015 14:01
2118	23.08.2015 18:02
2119	23.08.2015 21:35
2120	24.08.2015 01:23
2121	24.08.2015 04:45
2122	24.08.2015 14:50
2123	24.08.2015 23:16
2124	27.08.2015 07:07
2125	28.08.2015 14:09
2126	28.08.2015 14:31
2127	29.08.2015 16:31
2128	29.08.2015 20:18
2129	30.08.2015 03:37
2130	31.08.2015 05:14
2131	31.08.2015 21:05
2132	01.09.2015 08:03
2133	01.09.2015 17:57
2134	01.09.2015 22:05
2135	01.09.2015 23:14
2136	05.09.2015 03:42
2137	06.09.2015 03:26
2138	08.09.2015 04:26
2139	08.09.2015 11:32
2140	08.09.2015 14:56
2141	09.09.2015 04:07
2142	09.09.2015 04:36
2143	09.09.2015 18:04
2144	09.09.2015 20:33
2145	15.09.2015 01:50
2146	15.09.2015 16:56
2147	15.09.2015 20:23
2148	15.09.2015 22:25
2149	17.09.2015 21:11
2150	17.09.2015 21:52
2151	18.09.2015 11:49
2152	18.09.2015 15:35
2153	18.09.2015 19:00
2154	18.09.2015 20:47
2155	18.09.2015 20:57
2156	19.09.2015 03:05
2157	19.09.2015 18:32
2158	20.09.2015 03:33
2159	20.09.2015 13:53
2160	20.09.2015 20:03
2161	21.09.2015 10:22
2162	22.09.2015 02:21
2163	23.09.2015 09:51
2164	23.09.2015 10:17
2165	23.09.2015 21:33
2166	23.09.2015 22:57
2167	25.09.2015 04:18
2168	25.09.2015 15:36
2169	25.09.2015 15:41
2170	25.09.2015 16:03
2171	25.09.2015 16:52
2172	25.09.2015 20:52
2173	25.09.2015 21:08
2174	26.09.2015 00:15
2175	27.09.2015 04:26
2176	28.09.2015 08:40
2177	28.09.2015 15:19
2178	29.09.2015 19:00
2179	30.09.2015 11:31
2180	30.09.2015 14:08
2181	02.10.2015 13:02
2182	02.10.2015 18:03
2183	02.10.2015 18:15
2184	03.10.2015 16:58
2185	04.10.2015 15:26
2186	05.10.2015 23:13
2187	08.10.2015 14:37
2188	08.10.2015 16:05
2189	08.10.2015 23:37
2190	08.10.2015 23:49
2191	09.10.2015 07:34
2192	09.10.2015 11:18
2193	09.10.2015 15:13
2194	10.10.2015 00:02
2195	10.10.2015 02:49
2196	10.10.2015 20:02
2197	10.10.2015 20:24
2198	10.10.2015 21:27
2199	11.10.2015 02:18
2200	11.10.2015 11:40
2201	11.10.2015 19:26
2202	12.10.2015 03:43
2203	12.10.2015 13:01
2204	12.10.2015 14:19
2205	12.10.2015 15:14
2206	12.10.2015 16:47
2207	12.10.2015 20:51
2208	13.10.2015 03:13
2209	13.10.2015 19:33
2210	13.10.2015 20:28
2211	14.10.2015 04:57
2212	15.10.2015 11:16
2213	15.10.2015 14:12
2214	15.10.2015 17:55
2215	15.10.2015 19:28
2216	15.10.2015 20:11
2217	15.10.2015 21:14
2218	16.10.2015 03:55
2219	16.10.2015 18:27
2220	17.10.2015 20:33
2221	17.10.2015 22:53
2222	20.10.2015 00:58
2223	20.10.2015 14:57
2224	20.10.2015 17:46
2225	20.10.2015 20:44
2226	22.10.2015 04:40
2227	22.10.2015 17:09
2228	22.10.2015 18:02
2229	22.10.2015 19:34
2230	23.10.2015 00:15
2231	23.10.2015 01:52
2232	23.10.2015 03:27
2233	23.10.2015 07:26
2234	23.10.2015 17:33
2235	25.10.2015 01:47
2236	25.10.2015 19:17
2237	26.10.2015 19:24
2238	26.10.2015 20:31
2239	26.10.2015 21:29
2240	27.10.2015 00:25
2241	27.10.2015 00:47
2242	28.10.2015 04:56
2243	28.10.2015 08:42
2244	29.10.2015 08:36
2245	29.10.2015 20:39
2246	30.10.2015 10:05
2247	02.11.2015 00:23
2248	02.11.2015 00:57
2249	02.11.2015 01:03
2250	02.11.2015 01:11
2251	03.11.2015 06:23
2252	03.11.2015 08:21
2253	08.11.2015 11:23
2254	08.11.2015 13:34
2255	08.11.2015 21:58
2256	08.11.2015 22:58
2257	09.11.2015 02:35
2258	09.11.2015 15:40
2259	09.11.2015 17:26
2260	09.11.2015 18:11
2261	09.11.2015 19:51
2262	10.11.2015 20:32
2263	11.11.2015 00:51
2264	11.11.2015 01:54
2265	11.11.2015 03:30
2266	11.11.2015 04:06
2267	11.11.2015 14:39
2268	11.11.2015 16:57
2269	11.11.2015 18:27
2270	11.11.2015 22:51
2271	11.11.2015 23:09
2272	12.11.2015 10:31
2273	12.11.2015 14:40
2274	12.11.2015 17:20
2275	12.11.2015 20:32
2276	13.11.2015 15:34
2277	14.11.2015 17:07
2278	15.11.2015 00:06
2279	15.11.2015 01:11
2280	15.11.2015 02:08
2281	16.11.2015 18:40
2282	16.11.2015 22:14
2283	17.11.2015 19:47
2284	18.11.2015 20:29
2285	19.11.2015 09:30
2286	19.11.2015 13:23
2287	19.11.2015 14:41
2288	20.11.2015 14:28
2289	20.11.2015 17:08
2290	20.11.2015 17:59
2291	22.11.2015 17:18
2292	23.11.2015 09:43
2293	24.11.2015 16:03
2294	24.11.2015 17:25
2295	24.11.2015 20:11
2296	24.11.2015 21:49
2297	25.11.2015 08:57
2298	26.11.2015 07:58
2299	26.11.2015 15:53
2300	27.11.2015 17:15
2301	27.11.2015 19:49
2302	28.11.2015 02:29
2303	28.11.2015 05:14
2304	28.11.2015 15:13
2305	29.11.2015 09:07
2306	29.11.2015 11:31
2307	30.11.2015 20:57
2308	01.12.2015 08:35
2309	01.12.2015 09:11
2310	01.12.2015 10:10
2311	01.12.2015 11:28
2312	01.12.2015 12:10
2313	01.12.2015 12:55
2314	01.12.2015 13:27
2315	02.12.2015 15:38
2316	02.12.2015 17:56
2317	02.12.2015 18:16
2318	02.12.2015 19:22
2319	03.12.2015 02:08
2320	03.12.2015 06:04
2321	04.12.2015 01:18
2322	04.12.2015 05:11
2323	04.12.2015 09:28
2324	04.12.2015 19:39
2325	05.12.2015 20:58
2326	06.12.2015 19:19
2327	07.12.2015 03:16
2328	07.12.2015 16:23
2329	07.12.2015 16:47
2330	07.12.2015 19:39
2331	07.12.2015 21:00
2332	08.12.2015 02:22
2333	08.12.2015 02:55
2334	08.12.2015 19:51
2335	09.12.2015 04:47
2336	09.12.2015 20:19
2337	10.12.2015 00:08
2338	11.12.2015 15:42
2339	11.12.2015 20:22
2340	11.12.2015 22:18
2341	11.12.2015 22:42
2342	12.12.2015 15:09
2343	12.12.2015 23:56
2344	14.12.2015 13:20
2345	16.12.2015 08:04
2346	16.12.2015 08:20
2347	16.12.2015 17:53
2348	17.12.2015 03:56
2349	17.12.2015 06:20
2350	17.12.2015 07:43
2351	17.12.2015 16:33
2352	17.12.2015 19:27
2353	18.12.2015 00:56
2354	18.12.2015 08:23
2355	18.12.2015 11:31
2356	18.12.2015 14:41
2357	19.12.2015 06:17
2358	19.12.2015 20:39
2359	19.12.2015 20:59
2360	19.12.2015 22:30
2361	20.12.2015 17:53
2362	20.12.2015 18:49
2363	20.12.2015 21:00
2364	21.12.2015 01:45
2365	21.12.2015 07:47
2366	22.12.2015 04:54
2367	22.12.2015 15:24
2368	23.12.2015 18:14
2369	23.12.2015 22:03
2370	24.12.2015 15:18
2371	25.12.2015 19:10
2372	25.12.2015 20:56
2373	26.12.2015 01:24
2374	26.12.2015 02:36
2375	26.12.2015 07:34
2376	26.12.2015 21:15
2377	27.12.2015 02:45
2378	27.12.2015 03:12
2379	27.12.2015 05:18
2380	28.12.2015 00:54
2381	28.12.2015 15:24
2382	28.12.2015 21:16
2383	28.12.2015 22:13
2384	29.12.2015 04:53
2385	29.12.2015 09:13
2386	30.12.2015 08:56
2387	30.12.2015 13:32
2388	30.12.2015 15:43
2389	30.12.2015 18:33
2390	31.12.2015 06:42
2391	31.12.2015 22:01
2392	01.01.2016 03:10
2393	01.01.2016 05:36
2394	01.01.2016 17:50
2395	03.01.2016 17:57
2396	04.01.2016 02:42
2397	04.01.2016 05:53
2398	06.01.2016 12:41
2399	06.01.2016 20:11
2400	06.01.2016 21:44
2401	06.01.2016 22:11
2402	07.01.2016 03:25
2403	07.01.2016 05:58
2404	07.01.2016 13:29
2405	07.01.2016 17:58
2406	07.01.2016 20:17
2407	08.01.2016 02:48
2408	08.01.2016 04:59
2409	08.01.2016 05:09
2410	08.01.2016 07:17
2411	08.01.2016 10:04
2412	08.01.2016 14:10
2413	08.01.2016 14:59
2414	08.01.2016 23:50
2415	10.01.2016 06:50
2416	10.01.2016 12:19
2417	10.01.2016 15:33
2418	11.01.2016 16:58
2419	14.01.2016 00:07
2420	14.01.2016 01:55
2421	14.01.2016 02:13
2422	15.01.2016 07:18
2423	18.01.2016 02:33
2424	18.01.2016 22:04
2425	18.01.2016 22:08
2426	18.01.2016 22:12
2427	18.01.2016 22:26
2428	18.01.2016 22:37
2429	20.01.2016 03:30
2430	21.01.2016 03:05
2431	21.01.2016 17:01
2432	21.01.2016 17:32
2433	21.01.2016 19:18
2434	21.01.2016 19:23
2435	21.01.2016 19:26
2436	21.01.2016 19:28
2437	21.01.2016 22:20
2438	22.01.2016 00:12
2439	22.01.2016 21:01
2440	22.01.2016 22:52
2441	23.01.2016 04:19
2442	23.01.2016 05:57
2443	23.01.2016 12:51
2444	24.01.2016 01:57
2445	24.01.2016 13:48
2446	24.01.2016 18:38
2447	24.01.2016 18:47
2448	25.01.2016 15:27
2449	26.01.2016 06:18
2450	28.01.2016 02:12
2451	28.01.2016 14:32
2452	28.01.2016 20:04
2453	29.01.2016 05:45
2454	29.01.2016 06:59
2455	29.01.2016 17:13
2456	30.01.2016 05:27
2457	31.01.2016 07:22
2458	31.01.2016 10:27
2459	31.01.2016 17:03
2460	02.02.2016 02:03
2461	02.02.2016 03:00
2462	02.02.2016 06:48
2463	02.02.2016 20:10
2464	02.02.2016 20:11
2465	03.02.2016 06:03
2466	03.02.2016 12:28
2467	04.02.2016 03:16
2468	04.02.2016 04:29
2469	04.02.2016 18:15
2470	04.02.2016 19:22
2471	04.02.2016 20:41
2472	05.02.2016 07:50
2473	05.02.2016 15:29
2474	06.02.2016 18:30
2475	07.02.2016 03:48
2476	07.02.2016 12:32
2477	07.02.2016 18:26
2478	07.02.2016 21:09
2479	08.02.2016 00:49
2480	08.02.2016 13:25
2481	08.02.2016 14:22
2482	08.02.2016 21:57
2483	09.02.2016 15:28
2484	09.02.2016 16:25
2485	09.02.2016 17:14
2486	10.02.2016 01:07
2487	10.02.2016 04:01
2488	10.02.2016 07:51
2489	10.02.2016 11:42
2490	10.02.2016 18:53
2491	10.02.2016 18:54
2492	10.02.2016 19:54
2493	11.02.2016 13:34
2494	12.02.2016 09:00
2495	12.02.2016 16:16
2496	12.02.2016 19:46
2497	12.02.2016 20:59
2498	14.02.2016 15:59
2499	14.02.2016 17:47
2500	14.02.2016 19:32
2501	15.02.2016 04:33
